method,queries_with_labels,P@5,P@10,R@5,R@10,MRR
bm25,24,0.19166666666666674,0.09583333333333337,0.9583333333333334,0.9583333333333334,0.6951388888888888
semantic,24,0.075,0.049999999999999996,0.375,0.5,0.29942129629629627
