method,queries_with_labels,P@5,P@10,R@5,R@10,MRR
bm25,24,0.008333333333333333,0.004166666666666667,0.041666666666666664,0.041666666666666664,0.041666666666666664
semantic,24,0.0,0.0,0.0,0.0,0.0
